handle,الاسم (عربي),الاسم الأصلي,العلامة,التصنيفات,SKU,السعر,السعر قبل الخصم,عدد الصور,الرابط
artic-royale,آرتيك رويال,Artic Royale,Clasico,أسترونوفا,CL1501M3001,299.00,,4,https://clasicowatches.com/products/artic-royale
aurevain,أوريفان,AUREVAIN,Clasico,مونارك,CL873M1003,199.00,,4,https://clasicowatches.com/products/aurevain
bahr,بحر,Bahr,Clasico,دَور,EM880M13004,129.00,,4,https://clasicowatches.com/products/bahr
black-axis,بلاك آكسيس,Black Axis,Clasico,أسترونوفا,CL1501M3003,299.00,,4,https://clasicowatches.com/products/black-axis
caedryn,كايدرين,CAEDRYN,Clasico,مونارك,CL873M1001,199.00,,4,https://clasicowatches.com/products/caedryn
chrono-shadow,كرونو شادو,Chrono Shadow,Clasico,أسترونوفا,CL1501M3002,299.00,,4,https://clasicowatches.com/products/chrono-shadow
dynasty-gold,دايناستي جولد,Dynasty Gold,Clasico,أسترونوفا,CL1501M3004,299.00,,4,https://clasicowatches.com/products/dynasty-gold
elyndor,إليندور,ELYNDOR,Clasico,مونارك,CL873M1006,199.00,,4,https://clasicowatches.com/products/elyndor
fayrouz,فيروز,Fayrouz,Clasico,دَور,EM880M13003,129.00,,4,https://clasicowatches.com/products/fayrouz
frost-chrono,فروست كرونو,Frost Chrono,Clasico,أسترونوفا,CL1501M3005,299.00,,4,https://clasicowatches.com/products/frost-chrono
grandeur-black,غراندير فايسروي,Grandeur Viceroy,Clasico,غراندير,CL1584M1004,149.00,,1,https://clasicowatches.com/products/grandeur-black
grandeur-blue,غراندير إمبيريوم,Grandeur Imperium,Clasico,غراندير,CL1584M1002,149.00,,1,https://clasicowatches.com/products/grandeur-blue
grandeur-copper,غراندير ماجستي,Grandeur Majesty,Clasico,غراندير,CL1584M1005,149.00,,1,https://clasicowatches.com/products/grandeur-copper
grandeur-rose-gold,غراندير مونارك,Grandeur Monarch,Clasico,غراندير,CL1584M1003,149.00,,1,https://clasicowatches.com/products/grandeur-rose-gold
grandeur-silver,غراندير دومينيون,Grandeur Dominion,Clasico,غراندير,CL1584M1001,149.00,,1,https://clasicowatches.com/products/grandeur-silver
layl,ليل,Layl,Clasico,دَور,EM880M13005,129.00,,4,https://clasicowatches.com/products/layl
midnight-axis,ميدنايت آكسيس,Midnight Axis,Clasico,أسترونوفا,CL1501M3006,299.00,,4,https://clasicowatches.com/products/midnight-axis
midnight-steel,ميدنايت ستيل,Midnight Steel,Clasico,أسترونوفا,CL1501M3007,299.00,,4,https://clasicowatches.com/products/midnight-steel
noctryss,نوكتريس,NOCTRYSS,Clasico,مونارك,CL873M1005,199.00,,4,https://clasicowatches.com/products/noctryss
noor,نور,Noor,Clasico,دَور,EM880M13001,129.00,,4,https://clasicowatches.com/products/noor
obsedian-drive-black,ميدنايت دريفت,Midnight Drift,Clasico,أوبسيديان درايف,CL1582M2001,299.00,,4,https://clasicowatches.com/products/obsedian-drive-black
obsidian-drive-circuit-breaker,سيركت بريكر,Circuit Breaker,Clasico,أوبسيديان درايف,CL1582M2002,299.00,,4,https://clasicowatches.com/products/obsidian-drive-circuit-breaker
obsidian-drive-grand-prix-gold,جراند بري جولد,Grand Prix Gold,Clasico,أوبسيديان درايف,CL1582M2003,299.00,,4,https://clasicowatches.com/products/obsidian-drive-grand-prix-gold
obsidian-drive-racing-verde,ريسينغ فيردي,Racing Verde,Clasico,أوبسيديان درايف,CL1582M2004,299.00,,4,https://clasicowatches.com/products/obsidian-drive-racing-verde
obsidian-drive-shadow-phantom-copy,شادو فانتوم,Shadow Phantom,Clasico,أوبسيديان درايف,CL1582M2005,299.00,,4,https://clasicowatches.com/products/obsidian-drive-shadow-phantom-copy
oppulent,كريمسون نوار,Crimson Noire,Clasico,أوبولنت,CL1582004,199.00,,5,https://clasicowatches.com/products/oppulent
opulent-black,شادو بلاك,Shadow Black,Clasico,أوبولنت,CL1582003,199.00,,4,https://clasicowatches.com/products/opulent-black
opulent-blue,كوبالت بلو,Cobalt Blue,Clasico,أوبولنت,CL1582005,199.00,,4,https://clasicowatches.com/products/opulent-blue
opulent-green,فيردي ميست,Verde Mist,Clasico,أوبولنت,,199.00,,4,https://clasicowatches.com/products/opulent-green
premium-watch-travel-case,حافظة ساعات فاخرة,Premium Watch Case,Clasico,,,40.00,80.00,2,https://clasicowatches.com/products/premium-watch-travel-case
ravaryn,رافارين,RAVARYN,Clasico,مونارك,CL873M1004,199.00,,4,https://clasicowatches.com/products/ravaryn
safra,صفراء,Safra,Clasico,دَور,EM880M13002,129.00,,4,https://clasicowatches.com/products/safra
valtheron,فالثيرون,VALTHERON,Clasico,مونارك,CL873M1002,199.00,,4,https://clasicowatches.com/products/valtheron
vortex,فورتكس جولد,Vortex Gold,Clasico,فورتكس,CL4171001,149.00,,3,https://clasicowatches.com/products/vortex
vortex-black,فورتكس بلاك,Vortex Black,Clasico,فورتكس,CL4171002,149.00,,3,https://clasicowatches.com/products/vortex-black
vortex-silver,فورتكس سيلفر,Vortex Silver,Clasico,فورتكس,CL4171003,149.00,,3,https://clasicowatches.com/products/vortex-silver
zypher,زفير بلاك,Black,Clasico,زفير,CL1149002,149.00,,2,https://clasicowatches.com/products/zypher
zypher-gold,زفير جولد,Gold,Clasico,زفير,CL1149004,149.00,,2,https://clasicowatches.com/products/zypher-gold
zypher-green,زفير جرين,Green,Clasico,زفير,CL1149003,149.00,,1,https://clasicowatches.com/products/zypher-green
zypher-red,زفير ريد,Red,Clasico,زفير,CL1149001,149.00,,2,https://clasicowatches.com/products/zypher-red
